{
  "hash": "3eea151b",
  "configHash": "99244fed",
  "lockfileHash": "3d262197",
  "browserHash": "d3129d7e",
  "optimized": {
    "@angular/core": {
      "src": "../../../../../../node_modules/@angular/core/fesm2022/core.mjs",
      "file": "@angular_core.js",
      "fileHash": "2c440108",
      "needsInterop": false
    },
    "@angular/fire/compat": {
      "src": "../../../../../../node_modules/@angular/fire/fesm2022/angular-fire-compat.mjs",
      "file": "@angular_fire_compat.js",
      "fileHash": "7e176d4c",
      "needsInterop": false
    },
    "@angular/fire/compat/auth": {
      "src": "../../../../../../node_modules/@angular/fire/fesm2022/angular-fire-compat-auth.mjs",
      "file": "@angular_fire_compat_auth.js",
      "fileHash": "46ff78b8",
      "needsInterop": false
    },
    "@angular/fire/compat/firestore": {
      "src": "../../../../../../node_modules/@angular/fire/fesm2022/angular-fire-compat-firestore.mjs",
      "file": "@angular_fire_compat_firestore.js",
      "fileHash": "e64a5ece",
      "needsInterop": false
    },
    "@angular/platform-browser": {
      "src": "../../../../../../node_modules/@angular/platform-browser/fesm2022/platform-browser.mjs",
      "file": "@angular_platform-browser.js",
      "fileHash": "44e56667",
      "needsInterop": false
    },
    "@angular/router": {
      "src": "../../../../../../node_modules/@angular/router/fesm2022/router.mjs",
      "file": "@angular_router.js",
      "fileHash": "ffdf33d0",
      "needsInterop": false
    }
  },
  "chunks": {
    "chunk-WQQ6SXZM": {
      "file": "chunk-WQQ6SXZM.js"
    },
    "chunk-BRJI7AQO": {
      "file": "chunk-BRJI7AQO.js"
    },
    "chunk-UCI7VP6D": {
      "file": "chunk-UCI7VP6D.js"
    },
    "chunk-Z3C7KKU6": {
      "file": "chunk-Z3C7KKU6.js"
    },
    "chunk-TUM2EQFD": {
      "file": "chunk-TUM2EQFD.js"
    },
    "index.esm-U5I7NC5G": {
      "file": "index__esm-U5I7NC5G.js"
    },
    "chunk-LXCXGR42": {
      "file": "chunk-LXCXGR42.js"
    },
    "chunk-YCBSMCZA": {
      "file": "chunk-YCBSMCZA.js"
    },
    "chunk-FVETPLIC": {
      "file": "chunk-FVETPLIC.js"
    }
  }
}